alpha_id,alpha_name,source_file,mode,family_or_cluster,status,raw_net_R,cost_adjusted_R,estimated_cost_R,trade_count,winrate,ic_score,oos_R,walk_forward_status,holdout_status,contaminated,failure_reason,primary_loss_bucket,symbol_concentration,regime_available,session_available,spread_available,volume_available,baseline_compared,baseline_dominance_status,classification,rescue_action,inversion_priority,segment_rescue_priority,cost_rescue_priority,retest_priority,recommended_next_experiment,confidence,notes
scalp_bb_position_mean_reversion_v1,BB Position Mean-Reversion v1,reports/ALPHA_INVENTORY_FULL.csv,SCALP,mean_reversion,CONTAMINATED,0.0043,,0.062,4552,,,,UNKNOWN,NOT_RUN,True,CONTAMINATED: _rolling_mean used np.convolve(mode='same') leaking future data. bb_position 97.3% dominance. Must re-validate on corrected features.,,UNKNOWN,False,False,False,False,False,UNKNOWN,CONTAMINATED_REJECT,Do not use. Check if corrected v2 exists.,0,0,0,0,,HIGH,CONTAMINATED: _rolling_mean used np.convolve(mode='same') leaking future data. bb_position 97.3% dominance. Must re-validate on corrected features.
scalp_bb_position_mean_reversion_v2,BB Position Mean-Reversion v2 (corrected),reports/ALPHA_INVENTORY_FULL.csv,SCALP,mean_reversion,HOLD,,,0.062,,,,,UNKNOWN,UNKNOWN,False,Pipeline fixed (mode='full'[:n]). Re-validation not yet run.,,UNKNOWN,False,False,False,False,False,UNKNOWN,RETEST_REQUIRED,Re-run with completed simulation pipeline,0,0,0,3,,LOW,Pipeline fixed (mode='full'[:n]). Re-validation not yet run.
discovery_pipeline_v6,"Discovery Pipeline V6 (real data, 4-sym)",reports/ALPHA_INVENTORY_FULL.csv,SCALP,discovery_pipeline,REJECTED,0.0515,,0.062,870,0.4966,,,UNKNOWN,NOT_RUN,False,Best honest result: +0.0515R. Below SCALP promotion threshold (0.05R borderline). DD=-20.96R. REJECT.,,UNKNOWN,False,False,False,False,False,UNKNOWN,PROMISING_RAW_POSITIVE,Cost rescue: regime/symbol filters needed,0,0,5,0,,HIGH,Best honest result: +0.0515R. Below SCALP promotion threshold (0.05R borderline). DD=-20.96R. REJECT.
scalp_1h_direction_v01,SCALP 1h Direction (XGBoost 2-class),reports/ALPHA_INVENTORY_FULL.csv,SCALP,XGBoost,REJECTED,0.007648,,0.062,31752,,,,UNKNOWN,NOT_RUN,False,"OOS acc=0.5149, marginally beats random. Flat calibration. Not V7_READY.",,UNKNOWN,False,False,False,False,False,UNKNOWN,PROMISING_RAW_POSITIVE,Needs cost survival. Test confidence threshold filter.,0,0,3,0,,MEDIUM,"OOS acc=0.5149, marginally beats random. Flat calibration. Not V7_READY."
scalp_op005_base_12sym,"SCALP Baseline (Operation 0.05, taker, 12 sym)",reports/ALPHA_INVENTORY_FULL.csv,SCALP,discovery_pipeline,REJECTED,-0.0951,,0.062,4726,0.4448,,,UNKNOWN,NOT_RUN,False,True base R on 12 real symbols. Negative expectancy. 0.1328R short of 0.05 target.,,UNKNOWN,False,False,False,False,False,UNKNOWN,SEGMENT_RESCUE_CANDIDATE,Test regime/symbol filtering. May have segments.,0,3,2,0,,HIGH,True base R on 12 real symbols. Negative expectancy. 0.1328R short of 0.05 target.
scalp_op005_maker_pess_12sym,"SCALP Maker-Pessimistic (Operation 0.05, 12 sym)",reports/ALPHA_INVENTORY_FULL.csv,SCALP,discovery_pipeline,REJECTED,-0.0828,,0.062,4726,0.4467,,,UNKNOWN,NOT_RUN,False,Best honest stack: -0.0828R. Still 0.1328R short of 0.05 target.,,UNKNOWN,False,False,False,False,False,UNKNOWN,SEGMENT_RESCUE_CANDIDATE,Test regime/symbol filtering. May have segments.,0,3,2,0,,HIGH,Best honest stack: -0.0828R. Still 0.1328R short of 0.05 target.
swing_control_12sym,"SWING Control (Operation 0.05, taker, 12 sym)",reports/ALPHA_INVENTORY_FULL.csv,SWING,other,REJECTED,-0.1138,,0.062,2270,0.4137,,,UNKNOWN,NOT_RUN,False,"SWING control baseline. Negative expectancy. Cost decomposition: fee=0.0468R, slippage=0.0118R.",,UNKNOWN,False,False,False,False,False,UNKNOWN,REJECT_FOREVER,Control baseline. Strongly negative. No rescue path.,0,0,0,0,,HIGH,"SWING control baseline. Negative expectancy. Cost decomposition: fee=0.0468R, slippage=0.0118R."
fs_trend_pullback_ema,Trend Pullback EMA,reports/ALPHA_INVENTORY_FULL.csv,SWING,trend,REJECTED,-0.1033,,0.062,40944,,,,UNKNOWN,UNKNOWN,False,SWING_PROXY_1H. Negative total R (-4231). REJECT.,,UNKNOWN,False,False,False,False,False,UNKNOWN,SEGMENT_RESCUE_CANDIDATE,Moderately negative. Try regime/symbol splitting.,0,2,0,0,,LOW,SWING_PROXY_1H. Negative total R (-4231). REJECT.
fs_compression_breakout_regime,Compression Breakout Regime,reports/ALPHA_INVENTORY_FULL.csv,SWING,breakout,REJECTED,-0.1061,,0.062,45669,,,,UNKNOWN,UNKNOWN,False,Negative total R (-4847). REJECT.,,UNKNOWN,False,False,False,False,False,UNKNOWN,SEGMENT_RESCUE_CANDIDATE,Moderately negative. Try regime/symbol splitting.,0,2,0,0,,LOW,Negative total R (-4847). REJECT.
fs_spread_contraction_signal,Spread Contraction Signal,reports/ALPHA_INVENTORY_FULL.csv,SWING,spread_microstructure,REJECTED,-0.1101,,0.062,44562,,,,UNKNOWN,UNKNOWN,False,Negative total R (-4908). REJECT.,,UNKNOWN,False,False,False,False,False,UNKNOWN,SEGMENT_RESCUE_CANDIDATE,Moderately negative. Try regime/symbol splitting.,0,2,0,0,,LOW,Negative total R (-4908). REJECT.
fs_corwin_schultz_spread_proxy,Corwin-Schultz Spread Proxy,reports/ALPHA_INVENTORY_FULL.csv,SWING,spread_microstructure,REJECTED,-0.1164,,0.062,49672,,,,UNKNOWN,UNKNOWN,False,Negative total R (-5781). REJECT.,,UNKNOWN,False,False,False,False,False,UNKNOWN,SEGMENT_RESCUE_CANDIDATE,Moderately negative. Try regime/symbol splitting.,0,2,0,0,,LOW,Negative total R (-5781). REJECT.
fs_volume_climax_reversal_long,Volume Climax Reversal Long,reports/ALPHA_INVENTORY_FULL.csv,SWING,volume,REJECTED,-0.1143,,0.062,57167,,,,UNKNOWN,UNKNOWN,False,Negative total R (-6535). REJECT.,,UNKNOWN,False,False,False,False,False,UNKNOWN,SEGMENT_RESCUE_CANDIDATE,Moderately negative. Try regime/symbol splitting.,0,2,0,0,,LOW,Negative total R (-6535). REJECT.
fs_volume_climax_reversal_short,Volume Climax Reversal Short,reports/ALPHA_INVENTORY_FULL.csv,SWING,volume,REJECTED,-0.1227,,0.062,57227,,,,UNKNOWN,UNKNOWN,False,Negative total R (-7023). REJECT.,,UNKNOWN,False,False,False,False,False,UNKNOWN,SEGMENT_RESCUE_CANDIDATE,Moderately negative. Try regime/symbol splitting.,0,2,0,0,,LOW,Negative total R (-7023). REJECT.
fs_session_volatility_regime,Session Volatility Regime,reports/ALPHA_INVENTORY_FULL.csv,SWING,volatility,REJECTED,-0.2439,,0.062,44342,,,,UNKNOWN,UNKNOWN,False,Negative total R (-10816). REJECT.,,UNKNOWN,False,False,False,False,False,UNKNOWN,SEGMENT_RESCUE_CANDIDATE,Moderately negative. Try regime/symbol splitting.,0,2,0,0,,LOW,Negative total R (-10816). REJECT.
fs_btc_uptrend_pullback_long,BTC Uptrend Pullback Long,reports/ALPHA_INVENTORY_FULL.csv,SWING,BTC_dependency,REJECTED,-0.415,,0.062,21628,,,,UNKNOWN,UNKNOWN,False,Negative total R (-8976). REJECT.,,UNKNOWN,False,False,False,False,False,UNKNOWN,REJECT_FOREVER,Strongly negative across BTC regime. Not rescuable.,0,0,0,0,,HIGH,Negative total R (-8976). REJECT.
fs_btc_lead_lag_alt_short,BTC Lead-Lag Alt Short,reports/ALPHA_INVENTORY_FULL.csv,SWING,BTC_dependency,REJECTED,-0.3611,,0.062,35738,,,,UNKNOWN,UNKNOWN,False,Negative total R (-12904). REJECT.,,UNKNOWN,False,False,False,False,False,UNKNOWN,REJECT_FOREVER,Strongly negative across BTC regime. Not rescuable.,0,0,0,0,,HIGH,Negative total R (-12904). REJECT.
fs_btc_lead_lag_alt_long,BTC Lead-Lag Alt Long,reports/ALPHA_INVENTORY_FULL.csv,SWING,BTC_dependency,REJECTED,-0.3628,,0.062,35744,,,,UNKNOWN,UNKNOWN,False,Negative total R (-12968). REJECT.,,UNKNOWN,False,False,False,False,False,UNKNOWN,REJECT_FOREVER,Strongly negative across BTC regime. Not rescuable.,0,0,0,0,,HIGH,Negative total R (-12968). REJECT.
fs_btc_downtrend_breakdown_short,BTC Downtrend Breakdown Short,reports/ALPHA_INVENTORY_FULL.csv,SWING,BTC_dependency,REJECTED,-0.42,,0.062,41974,,,,UNKNOWN,UNKNOWN,False,Negative total R (-17628). REJECT.,,UNKNOWN,False,False,False,False,False,UNKNOWN,REJECT_FOREVER,Strongly negative across BTC regime. Not rescuable.,0,0,0,0,,HIGH,Negative total R (-17628). REJECT.
fs_breakdown_n_low_24h,Breakdown N Low 24h,reports/ALPHA_INVENTORY_FULL.csv,SCALP,breakout,WATCH,,,0.062,29893,,-0.045,,UNKNOWN,UNKNOWN,False,"Best IC signal: mean_rank_ic=-0.045, IC_IR=0.15. WATCH but sim-space negative.",,UNKNOWN,False,False,False,False,False,UNKNOWN,RETEST_REQUIRED,Re-run with completed simulation pipeline,0,0,0,3,,LOW,"Best IC signal: mean_rank_ic=-0.045, IC_IR=0.15. WATCH but sim-space negative."
fs_volume_zscore_24h,Volume Z-Score 24h,reports/ALPHA_INVENTORY_FULL.csv,SCALP,volume,REJECTED,,,0.062,29893,,0.035,,UNKNOWN,UNKNOWN,False,"IC_IR=0.14, orientation flipped (inverted). Sim-space negative.",,UNKNOWN,False,False,False,False,False,UNKNOWN,RETEST_REQUIRED,Insufficient data to classify. Re-run for completeness.,0,0,0,1,,LOW,"IC_IR=0.14, orientation flipped (inverted). Sim-space negative."
fs_ret_24h_rank_24h,Ret 24h Rank 24h,reports/ALPHA_INVENTORY_FULL.csv,SCALP,momentum,REJECTED,,,0.062,29880,,0.029,,UNKNOWN,UNKNOWN,False,"IC_IR=0.10, flipped. Sim-space negative.",,UNKNOWN,False,False,False,False,False,UNKNOWN,RETEST_REQUIRED,Insufficient data to classify. Re-run for completeness.,0,0,0,1,,LOW,"IC_IR=0.10, flipped. Sim-space negative."
fs_ret_4h_rank_1h,Ret 4h Rank 1h,reports/ALPHA_INVENTORY_FULL.csv,SCALP,momentum,REJECTED,,,0.062,29922,,0.029,,UNKNOWN,UNKNOWN,False,"IC_IR=0.10, flipped. Sim-space negative.",,UNKNOWN,False,False,False,False,False,UNKNOWN,RETEST_REQUIRED,Insufficient data to classify. Re-run for completeness.,0,0,0,1,,LOW,"IC_IR=0.10, flipped. Sim-space negative."
fs_reversal_4h_zscore_1h,Reversal 4h Z-Score 1h,reports/ALPHA_INVENTORY_FULL.csv,SCALP,mean_reversion,REJECTED,,,0.062,29922,,0.029,,UNKNOWN,UNKNOWN,False,IC_IR=0.10. Sim-space negative.,,UNKNOWN,False,False,False,False,False,UNKNOWN,RETEST_REQUIRED,Insufficient data to classify. Re-run for completeness.,0,0,0,1,,LOW,IC_IR=0.10. Sim-space negative.
fs_volume_zscore_12h,Volume Z-Score 12h,reports/ALPHA_INVENTORY_FULL.csv,SCALP,volume,REJECTED,,,0.062,29905,,0.029,,UNKNOWN,UNKNOWN,False,"IC_IR=0.12, flipped. Sim-space negative.",,UNKNOWN,False,False,False,False,False,UNKNOWN,RETEST_REQUIRED,Insufficient data to classify. Re-run for completeness.,0,0,0,1,,LOW,"IC_IR=0.12, flipped. Sim-space negative."
fs_trend_pullback_ema_24h,Trend Pullback EMA 24h,reports/ALPHA_INVENTORY_FULL.csv,SCALP,trend,REJECTED,,,0.062,29881,,0.029,,UNKNOWN,UNKNOWN,False,"IC_IR=0.11, flipped. Sim-space negative.",,UNKNOWN,False,False,False,False,False,UNKNOWN,RETEST_REQUIRED,Insufficient data to classify. Re-run for completeness.,0,0,0,1,,LOW,"IC_IR=0.11, flipped. Sim-space negative."
fs_breakdown_n_low_12h,Breakdown N Low 12h,reports/ALPHA_INVENTORY_FULL.csv,SCALP,breakout,REJECTED,,,0.062,29905,,-0.041,,UNKNOWN,UNKNOWN,False,IC_IR=0.14. Sim-space negative.,,UNKNOWN,False,False,False,False,False,UNKNOWN,RETEST_REQUIRED,Insufficient data to classify. Re-run for completeness.,0,0,0,1,,LOW,IC_IR=0.14. Sim-space negative.
fs_trend_pullback_ema_SWING_PROXY_1H_long,trend_pullback_ema,reports/ALPHA_INVENTORY_FULL.csv,SWING_PROXY_1H,trend,REJECT,-0.103345,,0.062,40944,0.427,,,UNKNOWN,NOT_RUN,False,negative total R (-4231.35),,UNKNOWN,False,False,False,False,False,UNKNOWN,FEATURE_ONLY,Weak signal (-0.1033R). Use as feature/filter.,0,0,0,0,,LOW,negative total R (-4231.35)
fs_compression_breakout_regime_SWING_PROXY_1H_long,compression_breakout_regime,reports/ALPHA_INVENTORY_FULL.csv,SWING_PROXY_1H,breakout,REJECT,-0.106144,,0.062,45669,0.4306,,,UNKNOWN,NOT_RUN,False,negative total R (-4847.49),,UNKNOWN,False,False,False,False,False,UNKNOWN,FEATURE_ONLY,Weak signal (-0.1061R). Use as feature/filter.,0,0,0,0,,LOW,negative total R (-4847.49)
fs_spread_contraction_signal_SWING_PROXY_1H_long,spread_contraction_signal,reports/ALPHA_INVENTORY_FULL.csv,SWING_PROXY_1H,spread_microstructure,REJECT,-0.11014,,0.062,44562,0.4336,,,UNKNOWN,NOT_RUN,False,negative total R (-4908.06),,UNKNOWN,False,False,False,False,False,UNKNOWN,FEATURE_ONLY,Weak signal (-0.1101R). Use as feature/filter.,0,0,0,0,,LOW,negative total R (-4908.06)
fs_corwin_schultz_spread_proxy_SWING_PROXY_1H_long,corwin_schultz_spread_proxy,reports/ALPHA_INVENTORY_FULL.csv,SWING_PROXY_1H,spread_microstructure,REJECT,-0.116375,,0.062,49672,0.422,,,UNKNOWN,NOT_RUN,False,negative total R (-5780.57),,UNKNOWN,False,False,False,False,False,UNKNOWN,FEATURE_ONLY,Weak signal (-0.1164R). Use as feature/filter.,0,0,0,0,,LOW,negative total R (-5780.57)
fs_volume_climax_reversal_long_SWING_PROXY_1H_long,volume_climax_reversal_long,reports/ALPHA_INVENTORY_FULL.csv,SWING_PROXY_1H,volume,REJECT,-0.114321,,0.062,57167,0.4301,,,UNKNOWN,NOT_RUN,False,negative total R (-6535.37),,UNKNOWN,False,False,False,False,False,UNKNOWN,FEATURE_ONLY,Weak signal (-0.1143R). Use as feature/filter.,0,0,0,0,,LOW,negative total R (-6535.37)
fs_volume_climax_reversal_short_SWING_PROXY_1H_short,volume_climax_reversal_short,reports/ALPHA_INVENTORY_FULL.csv,SWING_PROXY_1H,volume,REJECT,-0.122728,,0.062,57227,0.4307,,,UNKNOWN,NOT_RUN,False,negative total R (-7023.33),,UNKNOWN,False,False,False,False,False,UNKNOWN,FEATURE_ONLY,Weak signal (-0.1227R). Use as feature/filter.,0,0,0,0,,LOW,negative total R (-7023.33)
fs_trend_pullback_ema_SCALP_1H_SLOW_long,trend_pullback_ema,reports/ALPHA_INVENTORY_FULL.csv,SCALP_1H_SLOW,trend,REJECT,-0.143271,,0.062,59013,0.4251,,,UNKNOWN,NOT_RUN,False,negative total R (-8454.84),,UNKNOWN,False,False,False,False,False,UNKNOWN,FEATURE_ONLY,Weak signal (-0.1433R). Use as feature/filter.,0,0,0,0,,LOW,negative total R (-8454.84)
fs_btc_uptrend_pullback_long_SWING_PROXY_1H_long,btc_uptrend_pullback_long,reports/ALPHA_INVENTORY_FULL.csv,SWING_PROXY_1H,BTC_dependency,REJECT,-0.414996,,0.062,21628,0.4306,,,UNKNOWN,NOT_RUN,False,negative total R (-8975.54),,UNKNOWN,False,False,False,False,False,UNKNOWN,INVERSION_CANDIDATE,Consistently 0.41R negative across 21628 trades. Invert signal.,4,0,0,0,,MEDIUM,negative total R (-8975.54)
fs_spread_contraction_signal_SCALP_1H_SLOW_long,spread_contraction_signal,reports/ALPHA_INVENTORY_FULL.csv,SCALP_1H_SLOW,spread_microstructure,REJECT,-0.148583,,0.062,62952,0.4295,,,UNKNOWN,NOT_RUN,False,negative total R (-9353.58),,UNKNOWN,False,False,False,False,False,UNKNOWN,FEATURE_ONLY,Weak signal (-0.1486R). Use as feature/filter.,0,0,0,0,,LOW,negative total R (-9353.58)
fs_compression_breakout_regime_SCALP_1H_SLOW_long,compression_breakout_regime,reports/ALPHA_INVENTORY_FULL.csv,SCALP_1H_SLOW,breakout,REJECT,-0.149082,,0.062,64798,0.4256,,,UNKNOWN,NOT_RUN,False,negative total R (-9660.21),,UNKNOWN,False,False,False,False,False,UNKNOWN,FEATURE_ONLY,Weak signal (-0.1491R). Use as feature/filter.,0,0,0,0,,LOW,negative total R (-9660.21)
fs_session_volatility_regime_SWING_PROXY_1H_long,session_volatility_regime,reports/ALPHA_INVENTORY_FULL.csv,SWING_PROXY_1H,volatility,REJECT,-0.243933,,0.062,44342,0.4355,,,UNKNOWN,NOT_RUN,False,negative total R (-10816.48),,UNKNOWN,False,False,False,False,False,UNKNOWN,BASELINE_DUPLICATE,"Baseline concept (session_volatility_regime). Keep for benchmark, not alpha.",0,0,0,0,,HIGH,negative total R (-10816.48)
fs_corwin_schultz_spread_proxy_SCALP_1H_SLOW_long,corwin_schultz_spread_proxy,reports/ALPHA_INVENTORY_FULL.csv,SCALP_1H_SLOW,spread_microstructure,REJECT,-0.153826,,0.062,72581,0.4221,,,UNKNOWN,NOT_RUN,False,negative total R (-11164.84),,UNKNOWN,False,False,False,False,False,UNKNOWN,FEATURE_ONLY,Weak signal (-0.1538R). Use as feature/filter.,0,0,0,0,,LOW,negative total R (-11164.84)
fs_ret_4h_rank_SWING_PROXY_1H_long,ret_4h_rank,reports/ALPHA_INVENTORY_FULL.csv,SWING_PROXY_1H,momentum,REJECT,-0.234488,,0.062,49668,0.4289,,,UNKNOWN,NOT_RUN,False,negative total R (-11646.57),,UNKNOWN,False,False,False,False,False,UNKNOWN,INVERSION_CANDIDATE,Consistently 0.23R negative across 49668 trades. Invert signal.,4,0,0,0,,MEDIUM,negative total R (-11646.57)
fs_range_zscore_SWING_PROXY_1H_long,range_zscore,reports/ALPHA_INVENTORY_FULL.csv,SWING_PROXY_1H,volatility,REJECT,-0.437945,,0.062,27065,0.4311,,,UNKNOWN,NOT_RUN,False,negative total R (-11852.99),,UNKNOWN,False,False,False,False,False,UNKNOWN,BASELINE_DUPLICATE,"Baseline concept (range_zscore). Keep for benchmark, not alpha.",0,0,0,0,,HIGH,negative total R (-11852.99)
fs_trend_pullback_ema_SCALP_1H_FAST_long,trend_pullback_ema,reports/ALPHA_INVENTORY_FULL.csv,SCALP_1H_FAST,trend,REJECT,-0.144535,,0.062,83501,0.4055,,,UNKNOWN,NOT_RUN,False,negative total R (-12068.85),,UNKNOWN,False,False,False,False,False,UNKNOWN,FEATURE_ONLY,Weak signal (-0.1445R). Use as feature/filter.,0,0,0,0,,LOW,negative total R (-12068.85)
fs_btc_lead_lag_alt_short_SWING_PROXY_1H_short,btc_lead_lag_alt_short,reports/ALPHA_INVENTORY_FULL.csv,SWING_PROXY_1H,BTC_dependency,REJECT,-0.361085,,0.062,35738,0.4297,,,UNKNOWN,NOT_RUN,False,negative total R (-12904.45),,UNKNOWN,False,False,False,False,False,UNKNOWN,INVERSION_CANDIDATE,Consistently 0.36R negative across 35738 trades. Invert signal.,4,0,0,0,,MEDIUM,negative total R (-12904.45)
fs_btc_lead_lag_alt_long_SWING_PROXY_1H_long,btc_lead_lag_alt_long,reports/ALPHA_INVENTORY_FULL.csv,SWING_PROXY_1H,BTC_dependency,REJECT,-0.362795,,0.062,35744,0.4299,,,UNKNOWN,NOT_RUN,False,negative total R (-12967.74),,UNKNOWN,False,False,False,False,False,UNKNOWN,INVERSION_CANDIDATE,Consistently 0.36R negative across 35744 trades. Invert signal.,4,0,0,0,,MEDIUM,negative total R (-12967.74)
fs_compression_breakout_regime_SCALP_1H_FAST_long,compression_breakout_regime,reports/ALPHA_INVENTORY_FULL.csv,SCALP_1H_FAST,breakout,REJECT,-0.147637,,0.062,90000,0.4088,,,UNKNOWN,NOT_RUN,False,negative total R (-13287.29),,UNKNOWN,False,False,False,False,False,UNKNOWN,FEATURE_ONLY,Weak signal (-0.1476R). Use as feature/filter.,0,0,0,0,,LOW,negative total R (-13287.29)
fs_spread_contraction_signal_SCALP_1H_FAST_long,spread_contraction_signal,reports/ALPHA_INVENTORY_FULL.csv,SCALP_1H_FAST,spread_microstructure,REJECT,-0.15233,,0.062,87738,0.413,,,UNKNOWN,NOT_RUN,False,negative total R (-13365.15),,UNKNOWN,False,False,False,False,False,UNKNOWN,FEATURE_ONLY,Weak signal (-0.1523R). Use as feature/filter.,0,0,0,0,,LOW,negative total R (-13365.15)
fs_ret_12h_rank_SWING_PROXY_1H_long,ret_12h_rank,reports/ALPHA_INVENTORY_FULL.csv,SWING_PROXY_1H,momentum,REJECT,-0.311087,,0.062,43911,0.4303,,,UNKNOWN,NOT_RUN,False,negative total R (-13660.14),,UNKNOWN,False,False,False,False,False,UNKNOWN,INVERSION_CANDIDATE,Consistently 0.31R negative across 43911 trades. Invert signal.,4,0,0,0,,MEDIUM,negative total R (-13660.14)
fs_volume_climax_reversal_long_SCALP_1H_SLOW_long,volume_climax_reversal_long,reports/ALPHA_INVENTORY_FULL.csv,SCALP_1H_SLOW,volume,REJECT,-0.163385,,0.062,87009,0.4215,,,UNKNOWN,NOT_RUN,False,negative total R (-14215.95),,UNKNOWN,False,False,False,False,False,UNKNOWN,FEATURE_ONLY,Weak signal (-0.1634R). Use as feature/filter.,0,0,0,0,,LOW,negative total R (-14215.95)
fs_volume_climax_reversal_short_SCALP_1H_SLOW_short,volume_climax_reversal_short,reports/ALPHA_INVENTORY_FULL.csv,SCALP_1H_SLOW,volume,REJECT,-0.165008,,0.062,86916,0.4233,,,UNKNOWN,NOT_RUN,False,negative total R (-14341.83),,UNKNOWN,False,False,False,False,False,UNKNOWN,FEATURE_ONLY,Weak signal (-0.1650R). Use as feature/filter.,0,0,0,0,,LOW,negative total R (-14341.83)
fs_reversal_4h_zscore_SWING_PROXY_1H_long,reversal_4h_zscore,reports/ALPHA_INVENTORY_FULL.csv,SWING_PROXY_1H,mean_reversion,REJECT,-0.290633,,0.062,49985,0.433,,,UNKNOWN,NOT_RUN,False,negative total R (-14527.29),,UNKNOWN,False,False,False,False,False,UNKNOWN,INVERSION_CANDIDATE,Consistently 0.29R negative across 49985 trades. Invert signal.,4,0,0,0,,MEDIUM,negative total R (-14527.29)
fs_ret_24h_rank_SWING_PROXY_1H_long,ret_24h_rank,reports/ALPHA_INVENTORY_FULL.csv,SWING_PROXY_1H,momentum,REJECT,-0.391287,,0.062,40016,0.4315,,,UNKNOWN,NOT_RUN,False,negative total R (-15657.73),,UNKNOWN,False,False,False,False,False,UNKNOWN,INVERSION_CANDIDATE,Consistently 0.39R negative across 40016 trades. Invert signal.,4,0,0,0,,MEDIUM,negative total R (-15657.73)
fs_ret_1h_rank_SWING_PROXY_1H_long,ret_1h_rank,reports/ALPHA_INVENTORY_FULL.csv,SWING_PROXY_1H,momentum,REJECT,-0.297164,,0.062,53005,0.4301,,,UNKNOWN,NOT_RUN,False,negative total R (-15751.16),,UNKNOWN,False,False,False,False,False,UNKNOWN,INVERSION_CANDIDATE,Consistently 0.30R negative across 53005 trades. Invert signal.,4,0,0,0,,MEDIUM,negative total R (-15751.16)
fs_corwin_schultz_spread_proxy_SCALP_1H_FAST_long,corwin_schultz_spread_proxy,reports/ALPHA_INVENTORY_FULL.csv,SCALP_1H_FAST,spread_microstructure,REJECT,-0.154865,,0.062,101963,0.4011,,,UNKNOWN,NOT_RUN,False,negative total R (-15790.54),,UNKNOWN,False,False,False,False,False,UNKNOWN,FEATURE_ONLY,Weak signal (-0.1549R). Use as feature/filter.,0,0,0,0,,LOW,negative total R (-15790.54)
fs_reversal_1h_zscore_SWING_PROXY_1H_long,reversal_1h_zscore,reports/ALPHA_INVENTORY_FULL.csv,SWING_PROXY_1H,mean_reversion,REJECT,-0.312778,,0.062,53064,0.4316,,,UNKNOWN,NOT_RUN,False,negative total R (-16597.25),,UNKNOWN,False,False,False,False,False,UNKNOWN,INVERSION_CANDIDATE,Consistently 0.31R negative across 53064 trades. Invert signal.,4,0,0,0,,MEDIUM,negative total R (-16597.25)
fs_volume_zscore_SWING_PROXY_1H_long,volume_zscore,reports/ALPHA_INVENTORY_FULL.csv,SWING_PROXY_1H,volume,REJECT,-0.633878,,0.062,27128,0.4195,,,UNKNOWN,NOT_RUN,False,negative total R (-17195.85),,UNKNOWN,False,False,False,False,False,UNKNOWN,BASELINE_DUPLICATE,"Baseline concept (volume_zscore). Keep for benchmark, not alpha.",0,0,0,0,,HIGH,negative total R (-17195.85)
fs_btc_downtrend_breakdown_short_SWING_PROXY_1H_short,btc_downtrend_breakdown_short,reports/ALPHA_INVENTORY_FULL.csv,SWING_PROXY_1H,BTC_dependency,REJECT,-0.419983,,0.062,41974,0.4299,,,UNKNOWN,NOT_RUN,False,negative total R (-17628.36),,UNKNOWN,False,False,False,False,False,UNKNOWN,INVERSION_CANDIDATE,Consistently 0.42R negative across 41974 trades. Invert signal.,4,0,0,0,,MEDIUM,negative total R (-17628.36)
fs_breakout_n_high_SWING_PROXY_1H_long,breakout_n_high,reports/ALPHA_INVENTORY_FULL.csv,SWING_PROXY_1H,breakout,REJECT,-0.429152,,0.062,43125,0.4292,,,UNKNOWN,NOT_RUN,False,negative total R (-18507.18),,UNKNOWN,False,False,False,False,False,UNKNOWN,INVERSION_CANDIDATE,Consistently 0.43R negative across 43125 trades. Invert signal.,4,0,0,0,,MEDIUM,negative total R (-18507.18)
fs_breakdown_n_low_SWING_PROXY_1H_short,breakdown_n_low,reports/ALPHA_INVENTORY_FULL.csv,SWING_PROXY_1H,breakout,REJECT,-0.433517,,0.062,42927,0.4339,,,UNKNOWN,NOT_RUN,False,negative total R (-18609.60),,UNKNOWN,False,False,False,False,False,UNKNOWN,INVERSION_CANDIDATE,Consistently 0.43R negative across 42927 trades. Invert signal.,4,0,0,0,,MEDIUM,negative total R (-18609.60)
fs_volume_climax_reversal_long_SCALP_1H_FAST_long,volume_climax_reversal_long,reports/ALPHA_INVENTORY_FULL.csv,SCALP_1H_FAST,volume,REJECT,-0.161442,,0.062,130453,0.4017,,,UNKNOWN,NOT_RUN,False,negative total R (-21060.60),,UNKNOWN,False,False,False,False,False,UNKNOWN,FEATURE_ONLY,Weak signal (-0.1614R). Use as feature/filter.,0,0,0,0,,LOW,negative total R (-21060.60)
fs_volume_climax_reversal_short_SCALP_1H_FAST_short,volume_climax_reversal_short,reports/ALPHA_INVENTORY_FULL.csv,SCALP_1H_FAST,volume,REJECT,-0.162057,,0.062,130663,0.4083,,,UNKNOWN,NOT_RUN,False,negative total R (-21174.79),,UNKNOWN,False,False,False,False,False,UNKNOWN,FEATURE_ONLY,Weak signal (-0.1621R). Use as feature/filter.,0,0,0,0,,LOW,negative total R (-21174.79)
fs_btc_lead_lag_alt_short_SCALP_1H_SLOW_short,btc_lead_lag_alt_short,reports/ALPHA_INVENTORY_FULL.csv,SCALP_1H_SLOW,BTC_dependency,REJECT,-0.415709,,0.062,51414,0.429,,,UNKNOWN,NOT_RUN,False,negative total R (-21373.27),,UNKNOWN,False,False,False,False,False,UNKNOWN,INVERSION_CANDIDATE,Consistently 0.42R negative across 51414 trades. Invert signal.,4,0,0,0,,MEDIUM,negative total R (-21373.27)
fs_btc_lead_lag_alt_long_SCALP_1H_SLOW_long,btc_lead_lag_alt_long,reports/ALPHA_INVENTORY_FULL.csv,SCALP_1H_SLOW,BTC_dependency,REJECT,-0.421054,,0.062,51514,0.4266,,,UNKNOWN,NOT_RUN,False,negative total R (-21690.17),,UNKNOWN,False,False,False,False,False,UNKNOWN,INVERSION_CANDIDATE,Consistently 0.42R negative across 51514 trades. Invert signal.,4,0,0,0,,MEDIUM,negative total R (-21690.17)
fs_btc_uptrend_pullback_long_SCALP_1H_SLOW_long,btc_uptrend_pullback_long,reports/ALPHA_INVENTORY_FULL.csv,SCALP_1H_SLOW,BTC_dependency,REJECT,-0.774175,,0.062,29360,0.4254,,,UNKNOWN,NOT_RUN,False,negative total R (-22729.77),,UNKNOWN,False,False,False,False,False,UNKNOWN,INVERSION_CANDIDATE,Consistently 0.77R negative across 29360 trades. Invert signal.,4,0,0,0,,MEDIUM,negative total R (-22729.77)
fs_ret_12h_rank_SCALP_1H_SLOW_long,ret_12h_rank,reports/ALPHA_INVENTORY_FULL.csv,SCALP_1H_SLOW,momentum,REJECT,-0.363502,,0.062,63445,0.4265,,,UNKNOWN,NOT_RUN,False,negative total R (-23062.39),,UNKNOWN,False,False,False,False,False,UNKNOWN,INVERSION_CANDIDATE,Consistently 0.36R negative across 63445 trades. Invert signal.,4,0,0,0,,MEDIUM,negative total R (-23062.39)
fs_ret_24h_rank_SCALP_1H_SLOW_long,ret_24h_rank,reports/ALPHA_INVENTORY_FULL.csv,SCALP_1H_SLOW,momentum,REJECT,-0.474414,,0.062,57952,0.4279,,,UNKNOWN,NOT_RUN,False,negative total R (-27493.26),,UNKNOWN,False,False,False,False,False,UNKNOWN,INVERSION_CANDIDATE,Consistently 0.47R negative across 57952 trades. Invert signal.,4,0,0,0,,MEDIUM,negative total R (-27493.26)
fs_ret_4h_rank_SCALP_1H_SLOW_long,ret_4h_rank,reports/ALPHA_INVENTORY_FULL.csv,SCALP_1H_SLOW,momentum,REJECT,-0.417704,,0.062,71995,0.4253,,,UNKNOWN,NOT_RUN,False,negative total R (-30072.58),,UNKNOWN,False,False,False,False,False,UNKNOWN,INVERSION_CANDIDATE,Consistently 0.42R negative across 71995 trades. Invert signal.,4,0,0,0,,MEDIUM,negative total R (-30072.58)
fs_reversal_4h_zscore_SCALP_1H_SLOW_long,reversal_4h_zscore,reports/ALPHA_INVENTORY_FULL.csv,SCALP_1H_SLOW,mean_reversion,REJECT,-0.415153,,0.062,72530,0.4308,,,UNKNOWN,NOT_RUN,False,negative total R (-30111.02),,UNKNOWN,False,False,False,False,False,UNKNOWN,INVERSION_CANDIDATE,Consistently 0.42R negative across 72530 trades. Invert signal.,4,0,0,0,,MEDIUM,negative total R (-30111.02)
fs_session_volatility_regime_SCALP_1H_SLOW_long,session_volatility_regime,reports/ALPHA_INVENTORY_FULL.csv,SCALP_1H_SLOW,volatility,REJECT,-0.51023,,0.062,64107,0.4282,,,UNKNOWN,NOT_RUN,False,negative total R (-32709.33),,UNKNOWN,False,False,False,False,False,UNKNOWN,BASELINE_DUPLICATE,"Baseline concept (session_volatility_regime). Keep for benchmark, not alpha.",0,0,0,0,,HIGH,negative total R (-32709.33)
fs_reversal_1h_zscore_SCALP_1H_SLOW_long,reversal_1h_zscore,reports/ALPHA_INVENTORY_FULL.csv,SCALP_1H_SLOW,mean_reversion,REJECT,-0.471101,,0.062,78353,0.4294,,,UNKNOWN,NOT_RUN,False,negative total R (-36912.15),,UNKNOWN,False,False,False,False,False,UNKNOWN,INVERSION_CANDIDATE,Consistently 0.47R negative across 78353 trades. Invert signal.,4,0,0,0,,MEDIUM,negative total R (-36912.15)
fs_ret_1h_rank_SCALP_1H_SLOW_long,ret_1h_rank,reports/ALPHA_INVENTORY_FULL.csv,SCALP_1H_SLOW,momentum,REJECT,-0.472268,,0.062,78267,0.4257,,,UNKNOWN,NOT_RUN,False,negative total R (-36963.02),,UNKNOWN,False,False,False,False,False,UNKNOWN,INVERSION_CANDIDATE,Consistently 0.47R negative across 78267 trades. Invert signal.,4,0,0,0,,MEDIUM,negative total R (-36963.02)
fs_volume_zscore_SCALP_1H_SLOW_long,volume_zscore,reports/ALPHA_INVENTORY_FULL.csv,SCALP_1H_SLOW,volume,REJECT,-0.918283,,0.062,43245,0.4133,,,UNKNOWN,NOT_RUN,False,negative total R (-39711.17),,UNKNOWN,False,False,False,False,False,UNKNOWN,BASELINE_DUPLICATE,"Baseline concept (volume_zscore). Keep for benchmark, not alpha.",0,0,0,0,,HIGH,negative total R (-39711.17)
fs_btc_downtrend_breakdown_short_SCALP_1H_SLOW_short,btc_downtrend_breakdown_short,reports/ALPHA_INVENTORY_FULL.csv,SCALP_1H_SLOW,BTC_dependency,REJECT,-0.671686,,0.062,60323,0.4231,,,UNKNOWN,NOT_RUN,False,negative total R (-40518.10),,UNKNOWN,False,False,False,False,False,UNKNOWN,INVERSION_CANDIDATE,Consistently 0.67R negative across 60323 trades. Invert signal.,4,0,0,0,,MEDIUM,negative total R (-40518.10)
fs_range_zscore_SCALP_1H_SLOW_long,range_zscore,reports/ALPHA_INVENTORY_FULL.csv,SCALP_1H_SLOW,volatility,REJECT,-0.96236,,0.062,43027,0.4236,,,UNKNOWN,NOT_RUN,False,negative total R (-41407.45),,UNKNOWN,False,False,False,False,False,UNKNOWN,BASELINE_DUPLICATE,"Baseline concept (range_zscore). Keep for benchmark, not alpha.",0,0,0,0,,HIGH,negative total R (-41407.45)
fs_breakout_n_high_SCALP_1H_SLOW_long,breakout_n_high,reports/ALPHA_INVENTORY_FULL.csv,SCALP_1H_SLOW,breakout,REJECT,-0.67256,,0.062,61597,0.424,,,UNKNOWN,NOT_RUN,False,negative total R (-41427.65),,UNKNOWN,False,False,False,False,False,UNKNOWN,INVERSION_CANDIDATE,Consistently 0.67R negative across 61597 trades. Invert signal.,4,0,0,0,,MEDIUM,negative total R (-41427.65)
fs_breakdown_n_low_SCALP_1H_SLOW_short,breakdown_n_low,reports/ALPHA_INVENTORY_FULL.csv,SCALP_1H_SLOW,breakout,REJECT,-0.676668,,0.062,61394,0.4288,,,UNKNOWN,NOT_RUN,False,negative total R (-41543.33),,UNKNOWN,False,False,False,False,False,UNKNOWN,INVERSION_CANDIDATE,Consistently 0.68R negative across 61394 trades. Invert signal.,4,0,0,0,,MEDIUM,negative total R (-41543.33)
fs_btc_lead_lag_alt_short_SCALP_1H_FAST_short,btc_lead_lag_alt_short,reports/ALPHA_INVENTORY_FULL.csv,SCALP_1H_FAST,BTC_dependency,REJECT,-0.650187,,0.062,71393,0.4127,,,UNKNOWN,NOT_RUN,False,negative total R (-46418.81),,UNKNOWN,False,False,False,False,False,UNKNOWN,INVERSION_CANDIDATE,Consistently 0.65R negative across 71393 trades. Invert signal.,4,0,0,0,,MEDIUM,negative total R (-46418.81)
fs_btc_lead_lag_alt_long_SCALP_1H_FAST_long,btc_lead_lag_alt_long,reports/ALPHA_INVENTORY_FULL.csv,SCALP_1H_FAST,BTC_dependency,REJECT,-0.655842,,0.062,71495,0.4125,,,UNKNOWN,NOT_RUN,False,negative total R (-46889.39),,UNKNOWN,False,False,False,False,False,UNKNOWN,INVERSION_CANDIDATE,Consistently 0.66R negative across 71495 trades. Invert signal.,4,0,0,0,,MEDIUM,negative total R (-46889.39)
fs_ret_12h_rank_SCALP_1H_FAST_long,ret_12h_rank,reports/ALPHA_INVENTORY_FULL.csv,SCALP_1H_FAST,momentum,REJECT,-0.549625,,0.062,88460,0.4112,,,UNKNOWN,NOT_RUN,False,negative total R (-48619.80),,UNKNOWN,False,False,False,False,False,UNKNOWN,INVERSION_CANDIDATE,Consistently 0.55R negative across 88460 trades. Invert signal.,4,0,0,0,,MEDIUM,negative total R (-48619.80)
fs_btc_uptrend_pullback_long_SCALP_1H_FAST_long,btc_uptrend_pullback_long,reports/ALPHA_INVENTORY_FULL.csv,SCALP_1H_FAST,BTC_dependency,REJECT,-1.47899,,0.062,39581,0.4154,,,UNKNOWN,NOT_RUN,False,negative total R (-58539.89),,UNKNOWN,False,False,False,False,False,UNKNOWN,INVERSION_CANDIDATE,Consistently 1.48R negative across 39581 trades. Invert signal.,4,0,0,0,,MEDIUM,negative total R (-58539.89)
fs_ret_24h_rank_SCALP_1H_FAST_long,ret_24h_rank,reports/ALPHA_INVENTORY_FULL.csv,SCALP_1H_FAST,momentum,REJECT,-0.812807,,0.062,82797,0.4104,,,UNKNOWN,NOT_RUN,False,negative total R (-67297.96),,UNKNOWN,False,False,False,False,False,UNKNOWN,INVERSION_CANDIDATE,Consistently 0.81R negative across 82797 trades. Invert signal.,4,0,0,0,,MEDIUM,negative total R (-67297.96)
fs_session_volatility_regime_SCALP_1H_FAST_long,session_volatility_regime,reports/ALPHA_INVENTORY_FULL.csv,SCALP_1H_FAST,volatility,REJECT,-0.748969,,0.062,91833,0.4124,,,UNKNOWN,NOT_RUN,False,negative total R (-68780.08),,UNKNOWN,False,False,False,False,False,UNKNOWN,BASELINE_DUPLICATE,"Baseline concept (session_volatility_regime). Keep for benchmark, not alpha.",0,0,0,0,,HIGH,negative total R (-68780.08)
fs_reversal_1h_zscore_SCALP_1H_FAST_long,reversal_1h_zscore,reports/ALPHA_INVENTORY_FULL.csv,SCALP_1H_FAST,mean_reversion,REJECT,-0.728978,,0.062,110728,0.416,,,UNKNOWN,NOT_RUN,False,negative total R (-80718.24),,UNKNOWN,False,False,False,False,False,UNKNOWN,INVERSION_CANDIDATE,Consistently 0.73R negative across 110728 trades. Invert signal.,4,0,0,0,,MEDIUM,negative total R (-80718.24)
fs_ret_4h_rank_SCALP_1H_FAST_long,ret_4h_rank,reports/ALPHA_INVENTORY_FULL.csv,SCALP_1H_FAST,momentum,REJECT,-0.828837,,0.062,98815,0.4064,,,UNKNOWN,NOT_RUN,False,negative total R (-81901.49),,UNKNOWN,False,False,False,False,False,UNKNOWN,INVERSION_CANDIDATE,Consistently 0.83R negative across 98815 trades. Invert signal.,4,0,0,0,,MEDIUM,negative total R (-81901.49)
fs_reversal_4h_zscore_SCALP_1H_FAST_long,reversal_4h_zscore,reports/ALPHA_INVENTORY_FULL.csv,SCALP_1H_FAST,mean_reversion,REJECT,-0.821278,,0.062,99807,0.4187,,,UNKNOWN,NOT_RUN,False,negative total R (-81969.27),,UNKNOWN,False,False,False,False,False,UNKNOWN,INVERSION_CANDIDATE,Consistently 0.82R negative across 99807 trades. Invert signal.,4,0,0,0,,MEDIUM,negative total R (-81969.27)
fs_volume_zscore_SCALP_1H_FAST_long,volume_zscore,reports/ALPHA_INVENTORY_FULL.csv,SCALP_1H_FAST,volume,REJECT,-1.27818,,0.062,67836,0.394,,,UNKNOWN,NOT_RUN,False,negative total R (-86706.61),,UNKNOWN,False,False,False,False,False,UNKNOWN,BASELINE_DUPLICATE,"Baseline concept (volume_zscore). Keep for benchmark, not alpha.",0,0,0,0,,HIGH,negative total R (-86706.61)
fs_btc_downtrend_breakdown_short_SCALP_1H_FAST_short,btc_downtrend_breakdown_short,reports/ALPHA_INVENTORY_FULL.csv,SCALP_1H_FAST,BTC_dependency,REJECT,-1.020733,,0.062,85419,0.4016,,,UNKNOWN,NOT_RUN,False,negative total R (-87189.97),,UNKNOWN,False,False,False,False,False,UNKNOWN,INVERSION_CANDIDATE,Consistently 1.02R negative across 85419 trades. Invert signal.,4,0,0,0,,MEDIUM,negative total R (-87189.97)
fs_breakdown_n_low_SCALP_1H_FAST_short,breakdown_n_low,reports/ALPHA_INVENTORY_FULL.csv,SCALP_1H_FAST,breakout,REJECT,-1.019473,,0.062,86349,0.4179,,,UNKNOWN,NOT_RUN,False,negative total R (-88030.48),,UNKNOWN,False,False,False,False,False,UNKNOWN,INVERSION_CANDIDATE,Consistently 1.02R negative across 86349 trades. Invert signal.,4,0,0,0,,MEDIUM,negative total R (-88030.48)
fs_breakout_n_high_SCALP_1H_FAST_long,breakout_n_high,reports/ALPHA_INVENTORY_FULL.csv,SCALP_1H_FAST,breakout,REJECT,-1.012585,,0.062,86944,0.4099,,,UNKNOWN,NOT_RUN,False,negative total R (-88038.23),,UNKNOWN,False,False,False,False,False,UNKNOWN,INVERSION_CANDIDATE,Consistently 1.01R negative across 86944 trades. Invert signal.,4,0,0,0,,MEDIUM,negative total R (-88038.23)
fs_range_zscore_SCALP_1H_FAST_long,range_zscore,reports/ALPHA_INVENTORY_FULL.csv,SCALP_1H_FAST,volatility,REJECT,-1.353549,,0.062,67769,0.4013,,,UNKNOWN,NOT_RUN,False,negative total R (-91728.68),,UNKNOWN,False,False,False,False,False,UNKNOWN,BASELINE_DUPLICATE,"Baseline concept (range_zscore). Keep for benchmark, not alpha.",0,0,0,0,,HIGH,negative total R (-91728.68)
fs_ret_1h_rank_SCALP_1H_FAST_long,ret_1h_rank,reports/ALPHA_INVENTORY_FULL.csv,SCALP_1H_FAST,momentum,REJECT,-0.839421,,0.062,110513,0.4064,,,UNKNOWN,NOT_RUN,False,negative total R (-92766.92),,UNKNOWN,False,False,False,False,False,UNKNOWN,INVERSION_CANDIDATE,Consistently 0.84R negative across 110513 trades. Invert signal.,4,0,0,0,,MEDIUM,negative total R (-92766.92)
fs_ic_breakdown_n_low_24h_short,breakdown_n_low,reports/ALPHA_INVENTORY_FULL.csv,SCALP,breakout,WATCH,,,0.062,29893,,-0.045254,,UNKNOWN,NOT_RUN,False,"moderate signal, IC_IR=0.15",,UNKNOWN,False,False,False,False,False,UNKNOWN,RETEST_REQUIRED,Re-run with completed simulation pipeline,0,0,0,3,,LOW,"moderate signal, IC_IR=0.15"
fs_ic_breakdown_n_low_12h_short,breakdown_n_low,reports/ALPHA_INVENTORY_FULL.csv,SCALP,breakout,WATCH,,,0.062,29905,,-0.041047,,UNKNOWN,NOT_RUN,False,"weak signal, IC_IR=0.14",,UNKNOWN,False,False,False,False,False,UNKNOWN,RETEST_REQUIRED,Re-run with completed simulation pipeline,0,0,0,3,,LOW,"weak signal, IC_IR=0.14"
fs_ic_breakdown_n_low_4h_short,breakdown_n_low,reports/ALPHA_INVENTORY_FULL.csv,SCALP,breakout,WATCH,,,0.062,29913,,-0.038292,,UNKNOWN,NOT_RUN,False,"weak signal, IC_IR=0.13",,UNKNOWN,False,False,False,False,False,UNKNOWN,RETEST_REQUIRED,Re-run with completed simulation pipeline,0,0,0,3,,LOW,"weak signal, IC_IR=0.13"
fs_ic_volume_zscore_24h_long,volume_zscore,reports/ALPHA_INVENTORY_FULL.csv,SCALP,volume,WATCH,,,0.062,29893,,0.035194,,UNKNOWN,NOT_RUN,False,"weak signal, IC_IR=0.14 [orientation flipped: inverted]",,UNKNOWN,False,False,False,False,False,UNKNOWN,RETEST_REQUIRED,Re-run with completed simulation pipeline,0,0,0,3,,LOW,"weak signal, IC_IR=0.14 [orientation flipped: inverted]"
fs_ic_breakdown_n_low_1h_short,breakdown_n_low,reports/ALPHA_INVENTORY_FULL.csv,SCALP,breakout,WATCH,,,0.062,29915,,-0.033907,,UNKNOWN,NOT_RUN,False,"weak signal, IC_IR=0.12",,UNKNOWN,False,False,False,False,False,UNKNOWN,RETEST_REQUIRED,Re-run with completed simulation pipeline,0,0,0,3,,LOW,"weak signal, IC_IR=0.12"
fs_ic_ret_24h_rank_24h_long,ret_24h_rank,reports/ALPHA_INVENTORY_FULL.csv,SCALP,momentum,WATCH,,,0.062,29880,,0.029173,,UNKNOWN,NOT_RUN,False,"weak signal, IC_IR=0.10 [orientation flipped: inverted]",,UNKNOWN,False,False,False,False,False,UNKNOWN,RETEST_REQUIRED,Re-run with completed simulation pipeline,0,0,0,3,,LOW,"weak signal, IC_IR=0.10 [orientation flipped: inverted]"
fs_ic_ret_4h_rank_1h_long,ret_4h_rank,reports/ALPHA_INVENTORY_FULL.csv,SCALP,momentum,WATCH,,,0.062,29922,,0.029099,,UNKNOWN,NOT_RUN,False,"weak signal, IC_IR=0.10 [orientation flipped: inverted]",,UNKNOWN,False,False,False,False,False,UNKNOWN,RETEST_REQUIRED,Re-run with completed simulation pipeline,0,0,0,3,,LOW,"weak signal, IC_IR=0.10 [orientation flipped: inverted]"
fs_ic_reversal_4h_zscore_1h_long,reversal_4h_zscore,reports/ALPHA_INVENTORY_FULL.csv,SCALP,mean_reversion,WATCH,,,0.062,29922,,0.029099,,UNKNOWN,NOT_RUN,False,"weak signal, IC_IR=0.10",,UNKNOWN,False,False,False,False,False,UNKNOWN,RETEST_REQUIRED,Re-run with completed simulation pipeline,0,0,0,3,,LOW,"weak signal, IC_IR=0.10"
fs_ic_volume_zscore_12h_long,volume_zscore,reports/ALPHA_INVENTORY_FULL.csv,SCALP,volume,WATCH,,,0.062,29905,,0.028884,,UNKNOWN,NOT_RUN,False,"weak signal, IC_IR=0.12 [orientation flipped: inverted]",,UNKNOWN,False,False,False,False,False,UNKNOWN,RETEST_REQUIRED,Re-run with completed simulation pipeline,0,0,0,3,,LOW,"weak signal, IC_IR=0.12 [orientation flipped: inverted]"
fs_ic_trend_pullback_ema_24h_long,trend_pullback_ema,reports/ALPHA_INVENTORY_FULL.csv,SCALP,trend,WATCH,,,0.062,29881,,0.028717,,UNKNOWN,NOT_RUN,False,"weak signal, IC_IR=0.11 [orientation flipped: inverted]",,UNKNOWN,False,False,False,False,False,UNKNOWN,RETEST_REQUIRED,Re-run with completed simulation pipeline,0,0,0,3,,LOW,"weak signal, IC_IR=0.11 [orientation flipped: inverted]"
fs_ic_ret_24h_rank_12h_long,ret_24h_rank,reports/ALPHA_INVENTORY_FULL.csv,SCALP,momentum,WATCH,,,0.062,29892,,0.028429,,UNKNOWN,NOT_RUN,False,"weak signal, IC_IR=0.10 [orientation flipped: inverted]",,UNKNOWN,False,False,False,False,False,UNKNOWN,RETEST_REQUIRED,Re-run with completed simulation pipeline,0,0,0,3,,LOW,"weak signal, IC_IR=0.10 [orientation flipped: inverted]"
fs_ic_trend_pullback_ema_12h_long,trend_pullback_ema,reports/ALPHA_INVENTORY_FULL.csv,SCALP,trend,WATCH,,,0.062,29893,,0.027995,,UNKNOWN,NOT_RUN,False,"weak signal, IC_IR=0.10 [orientation flipped: inverted]",,UNKNOWN,False,False,False,False,False,UNKNOWN,RETEST_REQUIRED,Re-run with completed simulation pipeline,0,0,0,3,,LOW,"weak signal, IC_IR=0.10 [orientation flipped: inverted]"
fs_ic_ret_1h_rank_1h_long,ret_1h_rank,reports/ALPHA_INVENTORY_FULL.csv,SCALP,momentum,WATCH,,,0.062,29924,,0.027785,,UNKNOWN,NOT_RUN,False,"weak signal, IC_IR=0.10 [orientation flipped: inverted]",,UNKNOWN,False,False,False,False,False,UNKNOWN,RETEST_REQUIRED,Re-run with completed simulation pipeline,0,0,0,3,,LOW,"weak signal, IC_IR=0.10 [orientation flipped: inverted]"
fs_ic_reversal_1h_zscore_1h_long,reversal_1h_zscore,reports/ALPHA_INVENTORY_FULL.csv,SCALP,mean_reversion,WATCH,,,0.062,29924,,0.027785,,UNKNOWN,NOT_RUN,False,"weak signal, IC_IR=0.10",,UNKNOWN,False,False,False,False,False,UNKNOWN,RETEST_REQUIRED,Re-run with completed simulation pipeline,0,0,0,3,,LOW,"weak signal, IC_IR=0.10"
fs_ic_ret_24h_rank_4h_long,ret_24h_rank,reports/ALPHA_INVENTORY_FULL.csv,SCALP,momentum,WATCH,,,0.062,29900,,0.026445,,UNKNOWN,NOT_RUN,False,"weak signal, IC_IR=0.09 [orientation flipped: inverted]",,UNKNOWN,False,False,False,False,False,UNKNOWN,RETEST_REQUIRED,Re-run with completed simulation pipeline,0,0,0,3,,LOW,"weak signal, IC_IR=0.09 [orientation flipped: inverted]"
fs_ic_range_zscore_24h_long,range_zscore,reports/ALPHA_INVENTORY_FULL.csv,SCALP,volatility,WATCH,,,0.062,29899,,0.026273,,UNKNOWN,NOT_RUN,False,"weak signal, IC_IR=0.10",,UNKNOWN,False,False,False,False,False,UNKNOWN,RETEST_REQUIRED,Re-run with completed simulation pipeline,0,0,0,3,,LOW,"weak signal, IC_IR=0.10"
fs_ic_trend_pullback_ema_4h_long,trend_pullback_ema,reports/ALPHA_INVENTORY_FULL.csv,SCALP,trend,WATCH,,,0.062,29901,,0.025784,,UNKNOWN,NOT_RUN,False,"weak signal, IC_IR=0.09 [orientation flipped: inverted]",,UNKNOWN,False,False,False,False,False,UNKNOWN,RETEST_REQUIRED,Re-run with completed simulation pipeline,0,0,0,3,,LOW,"weak signal, IC_IR=0.09 [orientation flipped: inverted]"
fs_ic_ret_4h_rank_4h_long,ret_4h_rank,reports/ALPHA_INVENTORY_FULL.csv,SCALP,momentum,WATCH,,,0.062,29920,,0.025569,,UNKNOWN,NOT_RUN,False,"weak signal, IC_IR=0.09 [orientation flipped: inverted]",,UNKNOWN,False,False,False,False,False,UNKNOWN,RETEST_REQUIRED,Re-run with completed simulation pipeline,0,0,0,3,,LOW,"weak signal, IC_IR=0.09 [orientation flipped: inverted]"
fs_ic_reversal_4h_zscore_4h_long,reversal_4h_zscore,reports/ALPHA_INVENTORY_FULL.csv,SCALP,mean_reversion,WATCH,,,0.062,29920,,0.025569,,UNKNOWN,NOT_RUN,False,"weak signal, IC_IR=0.09",,UNKNOWN,False,False,False,False,False,UNKNOWN,RETEST_REQUIRED,Re-run with completed simulation pipeline,0,0,0,3,,LOW,"weak signal, IC_IR=0.09"
fs_ic_ret_12h_rank_4h_long,ret_12h_rank,reports/ALPHA_INVENTORY_FULL.csv,SCALP,momentum,WATCH,,,0.062,29912,,0.024166,,UNKNOWN,NOT_RUN,False,"weak signal, IC_IR=0.08 [orientation flipped: inverted]",,UNKNOWN,False,False,False,False,False,UNKNOWN,RETEST_REQUIRED,Re-run with completed simulation pipeline,0,0,0,3,,LOW,"weak signal, IC_IR=0.08 [orientation flipped: inverted]"
fs_ic_ret_12h_rank_12h_long,ret_12h_rank,reports/ALPHA_INVENTORY_FULL.csv,SCALP,momentum,WATCH,,,0.062,29904,,0.023617,,UNKNOWN,NOT_RUN,False,"weak signal, IC_IR=0.08 [orientation flipped: inverted]",,UNKNOWN,False,False,False,False,False,UNKNOWN,RETEST_REQUIRED,Re-run with completed simulation pipeline,0,0,0,3,,LOW,"weak signal, IC_IR=0.08 [orientation flipped: inverted]"
fs_ic_breakout_n_high_24h_long,breakout_n_high,reports/ALPHA_INVENTORY_FULL.csv,SCALP,breakout,WATCH,,,0.062,29893,,0.023519,,UNKNOWN,NOT_RUN,False,"weak signal, IC_IR=0.08 [orientation flipped: inverted]",,UNKNOWN,False,False,False,False,False,UNKNOWN,RETEST_REQUIRED,Re-run with completed simulation pipeline,0,0,0,3,,LOW,"weak signal, IC_IR=0.08 [orientation flipped: inverted]"
fs_ic_ret_12h_rank_1h_long,ret_12h_rank,reports/ALPHA_INVENTORY_FULL.csv,SCALP,momentum,WATCH,,,0.062,29914,,0.023362,,UNKNOWN,NOT_RUN,False,"weak signal, IC_IR=0.08 [orientation flipped: inverted]",,UNKNOWN,False,False,False,False,False,UNKNOWN,RETEST_REQUIRED,Re-run with completed simulation pipeline,0,0,0,3,,LOW,"weak signal, IC_IR=0.08 [orientation flipped: inverted]"
fs_ic_ret_24h_rank_1h_long,ret_24h_rank,reports/ALPHA_INVENTORY_FULL.csv,SCALP,momentum,WATCH,,,0.062,29902,,0.022961,,UNKNOWN,NOT_RUN,False,"weak signal, IC_IR=0.08 [orientation flipped: inverted]",,UNKNOWN,False,False,False,False,False,UNKNOWN,RETEST_REQUIRED,Re-run with completed simulation pipeline,0,0,0,3,,LOW,"weak signal, IC_IR=0.08 [orientation flipped: inverted]"
fs_ic_trend_pullback_ema_1h_long,trend_pullback_ema,reports/ALPHA_INVENTORY_FULL.csv,SCALP,trend,WATCH,,,0.062,29903,,0.022474,,UNKNOWN,NOT_RUN,False,"weak signal, IC_IR=0.08 [orientation flipped: inverted]",,UNKNOWN,False,False,False,False,False,UNKNOWN,RETEST_REQUIRED,Re-run with completed simulation pipeline,0,0,0,3,,LOW,"weak signal, IC_IR=0.08 [orientation flipped: inverted]"
fs_ic_ret_12h_rank_24h_long,ret_12h_rank,reports/ALPHA_INVENTORY_FULL.csv,SCALP,momentum,WATCH,,,0.062,29892,,0.022165,,UNKNOWN,NOT_RUN,False,"weak signal, IC_IR=0.08 [orientation flipped: inverted]",,UNKNOWN,False,False,False,False,False,UNKNOWN,RETEST_REQUIRED,Re-run with completed simulation pipeline,0,0,0,3,,LOW,"weak signal, IC_IR=0.08 [orientation flipped: inverted]"
fs_ic_ret_1h_rank_4h_long,ret_1h_rank,reports/ALPHA_INVENTORY_FULL.csv,SCALP,momentum,WATCH,,,0.062,29922,,0.021031,,UNKNOWN,NOT_RUN,False,"weak signal, IC_IR=0.07 [orientation flipped: inverted]",,UNKNOWN,False,False,False,False,False,UNKNOWN,RETEST_REQUIRED,Re-run with completed simulation pipeline,0,0,0,3,,LOW,"weak signal, IC_IR=0.07 [orientation flipped: inverted]"
fs_ic_reversal_1h_zscore_4h_long,reversal_1h_zscore,reports/ALPHA_INVENTORY_FULL.csv,SCALP,mean_reversion,WATCH,,,0.062,29922,,0.021031,,UNKNOWN,NOT_RUN,False,"weak signal, IC_IR=0.07",,UNKNOWN,False,False,False,False,False,UNKNOWN,RETEST_REQUIRED,Re-run with completed simulation pipeline,0,0,0,3,,LOW,"weak signal, IC_IR=0.07"
fs_ic_range_zscore_12h_long,range_zscore,reports/ALPHA_INVENTORY_FULL.csv,SCALP,volatility,WATCH,,,0.062,29911,,0.019813,,UNKNOWN,NOT_RUN,False,"weak signal, IC_IR=0.08",,UNKNOWN,False,False,False,False,False,UNKNOWN,RETEST_REQUIRED,Re-run with completed simulation pipeline,0,0,0,3,,LOW,"weak signal, IC_IR=0.08"
fs_ic_volume_zscore_4h_long,volume_zscore,reports/ALPHA_INVENTORY_FULL.csv,SCALP,volume,WATCH,,,0.062,29913,,0.018421,,UNKNOWN,NOT_RUN,False,"weak signal, IC_IR=0.07 [orientation flipped: inverted]",,UNKNOWN,False,False,False,False,False,UNKNOWN,RETEST_REQUIRED,Re-run with completed simulation pipeline,0,0,0,3,,LOW,"weak signal, IC_IR=0.07 [orientation flipped: inverted]"
fs_ic_breakout_n_high_12h_long,breakout_n_high,reports/ALPHA_INVENTORY_FULL.csv,SCALP,breakout,WATCH,,,0.062,29905,,0.017407,,UNKNOWN,NOT_RUN,False,"weak signal, IC_IR=0.06 [orientation flipped: inverted]",,UNKNOWN,False,False,False,False,False,UNKNOWN,RETEST_REQUIRED,Re-run with completed simulation pipeline,0,0,0,3,,LOW,"weak signal, IC_IR=0.06 [orientation flipped: inverted]"
fs_ic_ret_4h_rank_12h_long,ret_4h_rank,reports/ALPHA_INVENTORY_FULL.csv,SCALP,momentum,WATCH,,,0.062,29912,,0.014866,,UNKNOWN,NOT_RUN,False,"weak signal, IC_IR=0.05 [orientation flipped: inverted]",,UNKNOWN,False,False,False,False,False,UNKNOWN,RETEST_REQUIRED,Re-run with completed simulation pipeline,0,0,0,3,,LOW,"weak signal, IC_IR=0.05 [orientation flipped: inverted]"
fs_ic_reversal_4h_zscore_12h_long,reversal_4h_zscore,reports/ALPHA_INVENTORY_FULL.csv,SCALP,mean_reversion,WATCH,,,0.062,29912,,0.014866,,UNKNOWN,NOT_RUN,False,"weak signal, IC_IR=0.05",,UNKNOWN,False,False,False,False,False,UNKNOWN,RETEST_REQUIRED,Re-run with completed simulation pipeline,0,0,0,3,,LOW,"weak signal, IC_IR=0.05"
fs_ic_volume_zscore_1h_long,volume_zscore,reports/ALPHA_INVENTORY_FULL.csv,SCALP,volume,WATCH,,,0.062,29915,,0.012534,,UNKNOWN,NOT_RUN,False,"weak signal, IC_IR=0.05 [orientation flipped: inverted]",,UNKNOWN,False,False,False,False,False,UNKNOWN,RETEST_REQUIRED,Re-run with completed simulation pipeline,0,0,0,3,,LOW,"weak signal, IC_IR=0.05 [orientation flipped: inverted]"
fs_ic_range_zscore_4h_long,range_zscore,reports/ALPHA_INVENTORY_FULL.csv,SCALP,volatility,WATCH,,,0.062,29919,,0.011462,,UNKNOWN,NOT_RUN,False,"weak signal, IC_IR=0.04",,UNKNOWN,False,False,False,False,False,UNKNOWN,RETEST_REQUIRED,Re-run with completed simulation pipeline,0,0,0,3,,LOW,"weak signal, IC_IR=0.04"
fs_ic_compression_expansion_24h_agnostic,compression_expansion,reports/ALPHA_INVENTORY_FULL.csv,SCALP,regime,WATCH,,,0.062,29893,,-0.010988,,UNKNOWN,NOT_RUN,False,"weak signal, IC_IR=0.04",,UNKNOWN,False,False,False,False,False,UNKNOWN,RETEST_REQUIRED,Re-run with completed simulation pipeline,0,0,0,3,,LOW,"weak signal, IC_IR=0.04"
fs_ic_ret_4h_rank_24h_long,ret_4h_rank,reports/ALPHA_INVENTORY_FULL.csv,SCALP,momentum,WATCH,,,0.062,29900,,0.010873,,UNKNOWN,NOT_RUN,False,"weak signal, IC_IR=0.04 [orientation flipped: inverted]",,UNKNOWN,False,False,False,False,False,UNKNOWN,RETEST_REQUIRED,Re-run with completed simulation pipeline,0,0,0,3,,LOW,"weak signal, IC_IR=0.04 [orientation flipped: inverted]"
fs_ic_reversal_4h_zscore_24h_long,reversal_4h_zscore,reports/ALPHA_INVENTORY_FULL.csv,SCALP,mean_reversion,WATCH,,,0.062,29900,,0.010873,,UNKNOWN,NOT_RUN,False,"weak signal, IC_IR=0.04",,UNKNOWN,False,False,False,False,False,UNKNOWN,RETEST_REQUIRED,Re-run with completed simulation pipeline,0,0,0,3,,LOW,"weak signal, IC_IR=0.04"
fs_ic_ret_1h_rank_12h_long,ret_1h_rank,reports/ALPHA_INVENTORY_FULL.csv,SCALP,momentum,WATCH,,,0.062,29914,,0.009708,,UNKNOWN,NOT_RUN,False,"weak signal, IC_IR=0.03 [orientation flipped: inverted]",,UNKNOWN,False,False,False,False,False,UNKNOWN,RETEST_REQUIRED,Re-run with completed simulation pipeline,0,0,0,3,,LOW,"weak signal, IC_IR=0.03 [orientation flipped: inverted]"
fs_ic_reversal_1h_zscore_12h_long,reversal_1h_zscore,reports/ALPHA_INVENTORY_FULL.csv,SCALP,mean_reversion,WATCH,,,0.062,29914,,0.009708,,UNKNOWN,NOT_RUN,False,"weak signal, IC_IR=0.03",,UNKNOWN,False,False,False,False,False,UNKNOWN,RETEST_REQUIRED,Re-run with completed simulation pipeline,0,0,0,3,,LOW,"weak signal, IC_IR=0.03"
fs_ic_range_zscore_1h_long,range_zscore,reports/ALPHA_INVENTORY_FULL.csv,SCALP,volatility,WATCH,,,0.062,29921,,0.007651,,UNKNOWN,NOT_RUN,False,"weak signal, IC_IR=0.03",,UNKNOWN,False,False,False,False,False,UNKNOWN,RETEST_REQUIRED,Re-run with completed simulation pipeline,0,0,0,3,,LOW,"weak signal, IC_IR=0.03"
fs_ic_ret_1h_rank_24h_long,ret_1h_rank,reports/ALPHA_INVENTORY_FULL.csv,SCALP,momentum,WATCH,,,0.062,29902,,0.006216,,UNKNOWN,NOT_RUN,False,"weak signal, IC_IR=0.02 [orientation flipped: inverted]",,UNKNOWN,False,False,False,False,False,UNKNOWN,RETEST_REQUIRED,Re-run with completed simulation pipeline,0,0,0,3,,LOW,"weak signal, IC_IR=0.02 [orientation flipped: inverted]"
fs_ic_reversal_1h_zscore_24h_long,reversal_1h_zscore,reports/ALPHA_INVENTORY_FULL.csv,SCALP,mean_reversion,WATCH,,,0.062,29902,,0.006216,,UNKNOWN,NOT_RUN,False,"weak signal, IC_IR=0.02",,UNKNOWN,False,False,False,False,False,UNKNOWN,RETEST_REQUIRED,Re-run with completed simulation pipeline,0,0,0,3,,LOW,"weak signal, IC_IR=0.02"
fs_ic_compression_expansion_1h_agnostic,compression_expansion,reports/ALPHA_INVENTORY_FULL.csv,SCALP,regime,WATCH,,,0.062,29915,,-0.005052,,UNKNOWN,NOT_RUN,False,"weak signal, IC_IR=0.02",,UNKNOWN,False,False,False,False,False,UNKNOWN,RETEST_REQUIRED,Re-run with completed simulation pipeline,0,0,0,3,,LOW,"weak signal, IC_IR=0.02"
fs_ic_breakout_n_high_4h_long,breakout_n_high,reports/ALPHA_INVENTORY_FULL.csv,SCALP,breakout,WATCH,,,0.062,29913,,0.005003,,UNKNOWN,NOT_RUN,False,"weak signal, IC_IR=0.02 [orientation flipped: inverted]",,UNKNOWN,False,False,False,False,False,UNKNOWN,RETEST_REQUIRED,Re-run with completed simulation pipeline,0,0,0,3,,LOW,"weak signal, IC_IR=0.02 [orientation flipped: inverted]"
fs_ic_breakout_n_high_1h_long,breakout_n_high,reports/ALPHA_INVENTORY_FULL.csv,SCALP,breakout,FAIL,,,0.062,29915,,0.004365,,UNKNOWN,NOT_RUN,False,near-zero IC,,UNKNOWN,False,False,False,False,False,UNKNOWN,NOISE_NEAR_ZERO,Not useful. Drop from active research.,0,0,0,0,,HIGH,near-zero IC
fs_ic_compression_expansion_12h_agnostic,compression_expansion,reports/ALPHA_INVENTORY_FULL.csv,SCALP,regime,FAIL,,,0.062,29905,,-0.004098,,UNKNOWN,NOT_RUN,False,near-zero IC,,UNKNOWN,False,False,False,False,False,UNKNOWN,NOISE_NEAR_ZERO,Not useful. Drop from active research.,0,0,0,0,,HIGH,near-zero IC
fs_ic_compression_expansion_4h_agnostic,compression_expansion,reports/ALPHA_INVENTORY_FULL.csv,SCALP,regime,FAIL,,,0.062,29913,,-0.002975,,UNKNOWN,NOT_RUN,False,near-zero IC,,UNKNOWN,False,False,False,False,False,UNKNOWN,NOISE_NEAR_ZERO,Not useful. Drop from active research.,0,0,0,0,,HIGH,near-zero IC
fs_proxy_range_zscore_SWING_PROXY_1H_long,range_zscore,reports/ALPHA_INVENTORY_FULL.csv,SWING_PROXY_1H,volatility,REJECT,-0.129277,,0.062,27491,0.4287,,,UNKNOWN,NOT_RUN,False,negative total R (-3553.96),,UNKNOWN,False,False,False,False,False,UNKNOWN,RETEST_REQUIRED,Proxy sim only (range_zscore). Run on central simulation.,0,0,0,2,,LOW,negative total R (-3553.96)
fs_proxy_volume_zscore_SWING_PROXY_1H_long,volume_zscore,reports/ALPHA_INVENTORY_FULL.csv,SWING_PROXY_1H,volume,REJECT,-0.14495,,0.062,27564,0.4184,,,UNKNOWN,NOT_RUN,False,negative total R (-3995.39),,UNKNOWN,False,False,False,False,False,UNKNOWN,RETEST_REQUIRED,Proxy sim only (volume_zscore). Run on central simulation.,0,0,0,2,,LOW,negative total R (-3995.39)
fs_proxy_ret_24h_rank_SWING_PROXY_1H_long,ret_24h_rank,reports/ALPHA_INVENTORY_FULL.csv,SWING_PROXY_1H,momentum,REJECT,-0.109225,,0.062,40560,0.4294,,,UNKNOWN,NOT_RUN,False,negative total R (-4430.16),,UNKNOWN,False,False,False,False,False,UNKNOWN,RETEST_REQUIRED,Proxy sim only (ret_24h_rank). Run on central simulation.,0,0,0,2,,LOW,negative total R (-4430.16)
fs_proxy_trend_pullback_ema_SWING_PROXY_1H_long,trend_pullback_ema,reports/ALPHA_INVENTORY_FULL.csv,SWING_PROXY_1H,trend,REJECT,-0.111242,,0.062,41465,0.4252,,,UNKNOWN,NOT_RUN,False,negative total R (-4612.63),,UNKNOWN,False,False,False,False,False,UNKNOWN,RETEST_REQUIRED,Proxy sim only (trend_pullback_ema). Run on central simulation.,0,0,0,2,,LOW,negative total R (-4612.63)
fs_proxy_ret_12h_rank_SWING_PROXY_1H_long,ret_12h_rank,reports/ALPHA_INVENTORY_FULL.csv,SWING_PROXY_1H,momentum,REJECT,-0.114487,,0.062,44512,0.4283,,,UNKNOWN,NOT_RUN,False,negative total R (-5096.06),,UNKNOWN,False,False,False,False,False,UNKNOWN,RETEST_REQUIRED,Proxy sim only (ret_12h_rank). Run on central simulation.,0,0,0,2,,LOW,negative total R (-5096.06)
fs_proxy_breakout_n_high_SWING_PROXY_1H_long,breakout_n_high,reports/ALPHA_INVENTORY_FULL.csv,SWING_PROXY_1H,breakout,REJECT,-0.122068,,0.062,43749,0.4275,,,UNKNOWN,NOT_RUN,False,negative total R (-5340.34),,UNKNOWN,False,False,False,False,False,UNKNOWN,RETEST_REQUIRED,Proxy sim only (breakout_n_high). Run on central simulation.,0,0,0,2,,LOW,negative total R (-5340.34)
fs_proxy_ret_4h_rank_SWING_PROXY_1H_long,ret_4h_rank,reports/ALPHA_INVENTORY_FULL.csv,SWING_PROXY_1H,momentum,REJECT,-0.108348,,0.062,50502,0.4295,,,UNKNOWN,NOT_RUN,False,negative total R (-5471.79),,UNKNOWN,False,False,False,False,False,UNKNOWN,RETEST_REQUIRED,Proxy sim only (ret_4h_rank). Run on central simulation.,0,0,0,2,,LOW,negative total R (-5471.79)
fs_proxy_breakdown_n_low_SWING_PROXY_1H_short,breakdown_n_low,reports/ALPHA_INVENTORY_FULL.csv,SWING_PROXY_1H,breakout,REJECT,-0.128103,,0.062,43500,0.4321,,,UNKNOWN,NOT_RUN,False,negative total R (-5572.46),,UNKNOWN,False,False,False,False,False,UNKNOWN,RETEST_REQUIRED,Proxy sim only (breakdown_n_low). Run on central simulation.,0,0,0,2,,LOW,negative total R (-5572.46)
fs_proxy_ret_1h_rank_SWING_PROXY_1H_long,ret_1h_rank,reports/ALPHA_INVENTORY_FULL.csv,SWING_PROXY_1H,momentum,REJECT,-0.111052,,0.062,53822,0.4295,,,UNKNOWN,NOT_RUN,False,negative total R (-5977.05),,UNKNOWN,False,False,False,False,False,UNKNOWN,RETEST_REQUIRED,Proxy sim only (ret_1h_rank). Run on central simulation.,0,0,0,2,,LOW,negative total R (-5977.05)
fs_proxy_reversal_4h_zscore_SWING_PROXY_1H_long,reversal_4h_zscore,reports/ALPHA_INVENTORY_FULL.csv,SWING_PROXY_1H,mean_reversion,REJECT,-0.117763,,0.062,50765,0.4314,,,UNKNOWN,NOT_RUN,False,negative total R (-5978.25),,UNKNOWN,False,False,False,False,False,UNKNOWN,RETEST_REQUIRED,Proxy sim only (reversal_4h_zscore). Run on central simulation.,0,0,0,2,,LOW,negative total R (-5978.25)
fs_proxy_reversal_1h_zscore_SWING_PROXY_1H_long,reversal_1h_zscore,reports/ALPHA_INVENTORY_FULL.csv,SWING_PROXY_1H,mean_reversion,REJECT,-0.118413,,0.062,53993,0.4299,,,UNKNOWN,NOT_RUN,False,negative total R (-6393.46),,UNKNOWN,False,False,False,False,False,UNKNOWN,RETEST_REQUIRED,Proxy sim only (reversal_1h_zscore). Run on central simulation.,0,0,0,2,,LOW,negative total R (-6393.46)
fs_proxy_range_zscore_SCALP_1H_SLOW_long,range_zscore,reports/ALPHA_INVENTORY_FULL.csv,SCALP_1H_SLOW,volatility,REJECT,-0.179998,,0.062,44306,0.4245,,,UNKNOWN,NOT_RUN,False,negative total R (-7975.00),,UNKNOWN,False,False,False,False,False,UNKNOWN,RETEST_REQUIRED,Proxy sim only (range_zscore). Run on central simulation.,0,0,0,2,,LOW,negative total R (-7975.00)
fs_proxy_volume_zscore_SCALP_1H_SLOW_long,volume_zscore,reports/ALPHA_INVENTORY_FULL.csv,SCALP_1H_SLOW,volume,REJECT,-0.193609,,0.062,44427,0.4163,,,UNKNOWN,NOT_RUN,False,negative total R (-8601.48),,UNKNOWN,False,False,False,False,False,UNKNOWN,RETEST_REQUIRED,Proxy sim only (volume_zscore). Run on central simulation.,0,0,0,2,,LOW,negative total R (-8601.48)
fs_proxy_ret_24h_rank_SCALP_1H_SLOW_long,ret_24h_rank,reports/ALPHA_INVENTORY_FULL.csv,SCALP_1H_SLOW,momentum,REJECT,-0.146691,,0.062,58981,0.4277,,,UNKNOWN,NOT_RUN,False,negative total R (-8652.01),,UNKNOWN,False,False,False,False,False,UNKNOWN,RETEST_REQUIRED,Proxy sim only (ret_24h_rank). Run on central simulation.,0,0,0,2,,LOW,negative total R (-8652.01)
fs_proxy_trend_pullback_ema_SCALP_1H_SLOW_long,trend_pullback_ema,reports/ALPHA_INVENTORY_FULL.csv,SCALP_1H_SLOW,trend,REJECT,-0.150066,,0.062,60018,0.4257,,,UNKNOWN,NOT_RUN,False,negative total R (-9006.67),,UNKNOWN,False,False,False,False,False,UNKNOWN,RETEST_REQUIRED,Proxy sim only (trend_pullback_ema). Run on central simulation.,0,0,0,2,,LOW,negative total R (-9006.67)
fs_proxy_ret_12h_rank_SCALP_1H_SLOW_long,ret_12h_rank,reports/ALPHA_INVENTORY_FULL.csv,SCALP_1H_SLOW,momentum,REJECT,-0.148935,,0.062,64230,0.427,,,UNKNOWN,NOT_RUN,False,negative total R (-9566.08),,UNKNOWN,False,False,False,False,False,UNKNOWN,RETEST_REQUIRED,Proxy sim only (ret_12h_rank). Run on central simulation.,0,0,0,2,,LOW,negative total R (-9566.08)
fs_proxy_breakdown_n_low_SCALP_1H_SLOW_short,breakdown_n_low,reports/ALPHA_INVENTORY_FULL.csv,SCALP_1H_SLOW,breakout,REJECT,-0.167952,,0.062,62387,0.4286,,,UNKNOWN,NOT_RUN,False,negative total R (-10478.03),,UNKNOWN,False,False,False,False,False,UNKNOWN,RETEST_REQUIRED,Proxy sim only (breakdown_n_low). Run on central simulation.,0,0,0,2,,LOW,negative total R (-10478.03)
fs_proxy_breakout_n_high_SCALP_1H_SLOW_long,breakout_n_high,reports/ALPHA_INVENTORY_FULL.csv,SCALP_1H_SLOW,breakout,REJECT,-0.167029,,0.062,62777,0.4244,,,UNKNOWN,NOT_RUN,False,negative total R (-10485.60),,UNKNOWN,False,False,False,False,False,UNKNOWN,RETEST_REQUIRED,Proxy sim only (breakout_n_high). Run on central simulation.,0,0,0,2,,LOW,negative total R (-10485.60)
fs_proxy_ret_4h_rank_SCALP_1H_SLOW_long,ret_4h_rank,reports/ALPHA_INVENTORY_FULL.csv,SCALP_1H_SLOW,momentum,REJECT,-0.15059,,0.062,73154,0.4263,,,UNKNOWN,NOT_RUN,False,negative total R (-11016.28),,UNKNOWN,False,False,False,False,False,UNKNOWN,RETEST_REQUIRED,Proxy sim only (ret_4h_rank). Run on central simulation.,0,0,0,2,,LOW,negative total R (-11016.28)
fs_proxy_reversal_4h_zscore_SCALP_1H_SLOW_long,reversal_4h_zscore,reports/ALPHA_INVENTORY_FULL.csv,SCALP_1H_SLOW,mean_reversion,REJECT,-0.151652,,0.062,73751,0.4311,,,UNKNOWN,NOT_RUN,False,negative total R (-11184.52),,UNKNOWN,False,False,False,False,False,UNKNOWN,RETEST_REQUIRED,Proxy sim only (reversal_4h_zscore). Run on central simulation.,0,0,0,2,,LOW,negative total R (-11184.52)
fs_proxy_reversal_1h_zscore_SCALP_1H_SLOW_long,reversal_1h_zscore,reports/ALPHA_INVENTORY_FULL.csv,SCALP_1H_SLOW,mean_reversion,REJECT,-0.154076,,0.062,79577,0.4287,,,UNKNOWN,NOT_RUN,False,negative total R (-12260.93),,UNKNOWN,False,False,False,False,False,UNKNOWN,RETEST_REQUIRED,Proxy sim only (reversal_1h_zscore). Run on central simulation.,0,0,0,2,,LOW,negative total R (-12260.93)
fs_proxy_ret_24h_rank_SCALP_1H_FAST_long,ret_24h_rank,reports/ALPHA_INVENTORY_FULL.csv,SCALP_1H_FAST,momentum,REJECT,-0.14723,,0.062,83432,0.4102,,,UNKNOWN,NOT_RUN,False,negative total R (-12283.71),,UNKNOWN,False,False,False,False,False,UNKNOWN,RETEST_REQUIRED,Proxy sim only (ret_24h_rank). Run on central simulation.,0,0,0,2,,LOW,negative total R (-12283.71)
fs_proxy_ret_1h_rank_SCALP_1H_SLOW_long,ret_1h_rank,reports/ALPHA_INVENTORY_FULL.csv,SCALP_1H_SLOW,momentum,REJECT,-0.155386,,0.062,79584,0.4254,,,UNKNOWN,NOT_RUN,False,negative total R (-12366.20),,UNKNOWN,False,False,False,False,False,UNKNOWN,RETEST_REQUIRED,Proxy sim only (ret_1h_rank). Run on central simulation.,0,0,0,2,,LOW,negative total R (-12366.20)
fs_proxy_range_zscore_SCALP_1H_FAST_long,range_zscore,reports/ALPHA_INVENTORY_FULL.csv,SCALP_1H_FAST,volatility,REJECT,-0.180339,,0.062,68647,0.4007,,,UNKNOWN,NOT_RUN,False,negative total R (-12379.74),,UNKNOWN,False,False,False,False,False,UNKNOWN,RETEST_REQUIRED,Proxy sim only (range_zscore). Run on central simulation.,0,0,0,2,,LOW,negative total R (-12379.74)
fs_proxy_trend_pullback_ema_SCALP_1H_FAST_long,trend_pullback_ema,reports/ALPHA_INVENTORY_FULL.csv,SCALP_1H_FAST,trend,REJECT,-0.150876,,0.062,84207,0.4058,,,UNKNOWN,NOT_RUN,False,negative total R (-12704.82),,UNKNOWN,False,False,False,False,False,UNKNOWN,RETEST_REQUIRED,Proxy sim only (trend_pullback_ema). Run on central simulation.,0,0,0,2,,LOW,negative total R (-12704.82)
fs_proxy_ret_12h_rank_SCALP_1H_FAST_long,ret_12h_rank,reports/ALPHA_INVENTORY_FULL.csv,SCALP_1H_FAST,momentum,REJECT,-0.145588,,0.062,89033,0.4117,,,UNKNOWN,NOT_RUN,False,negative total R (-12962.10),,UNKNOWN,False,False,False,False,False,UNKNOWN,RETEST_REQUIRED,Proxy sim only (ret_12h_rank). Run on central simulation.,0,0,0,2,,LOW,negative total R (-12962.10)
fs_proxy_volume_zscore_SCALP_1H_FAST_long,volume_zscore,reports/ALPHA_INVENTORY_FULL.csv,SCALP_1H_FAST,volume,REJECT,-0.18912,,0.062,68670,0.3951,,,UNKNOWN,NOT_RUN,False,negative total R (-12986.85),,UNKNOWN,False,False,False,False,False,UNKNOWN,RETEST_REQUIRED,Proxy sim only (volume_zscore). Run on central simulation.,0,0,0,2,,LOW,negative total R (-12986.85)
fs_proxy_breakdown_n_low_SCALP_1H_FAST_short,breakdown_n_low,reports/ALPHA_INVENTORY_FULL.csv,SCALP_1H_FAST,breakout,REJECT,-0.164454,,0.062,86989,0.4173,,,UNKNOWN,NOT_RUN,False,negative total R (-14305.68),,UNKNOWN,False,False,False,False,False,UNKNOWN,RETEST_REQUIRED,Proxy sim only (breakdown_n_low). Run on central simulation.,0,0,0,2,,LOW,negative total R (-14305.68)
fs_proxy_breakout_n_high_SCALP_1H_FAST_long,breakout_n_high,reports/ALPHA_INVENTORY_FULL.csv,SCALP_1H_FAST,breakout,REJECT,-0.163903,,0.062,87774,0.41,,,UNKNOWN,NOT_RUN,False,negative total R (-14386.45),,UNKNOWN,False,False,False,False,False,UNKNOWN,RETEST_REQUIRED,Proxy sim only (breakout_n_high). Run on central simulation.,0,0,0,2,,LOW,negative total R (-14386.45)
fs_proxy_ret_4h_rank_SCALP_1H_FAST_long,ret_4h_rank,reports/ALPHA_INVENTORY_FULL.csv,SCALP_1H_FAST,momentum,REJECT,-0.151913,,0.062,99578,0.4069,,,UNKNOWN,NOT_RUN,False,negative total R (-15127.22),,UNKNOWN,False,False,False,False,False,UNKNOWN,RETEST_REQUIRED,Proxy sim only (ret_4h_rank). Run on central simulation.,0,0,0,2,,LOW,negative total R (-15127.22)
fs_proxy_reversal_4h_zscore_SCALP_1H_FAST_long,reversal_4h_zscore,reports/ALPHA_INVENTORY_FULL.csv,SCALP_1H_FAST,mean_reversion,REJECT,-0.152772,,0.062,100581,0.4183,,,UNKNOWN,NOT_RUN,False,negative total R (-15366.00),,UNKNOWN,False,False,False,False,False,UNKNOWN,RETEST_REQUIRED,Proxy sim only (reversal_4h_zscore). Run on central simulation.,0,0,0,2,,LOW,negative total R (-15366.00)
fs_proxy_ret_1h_rank_SCALP_1H_FAST_long,ret_1h_rank,reports/ALPHA_INVENTORY_FULL.csv,SCALP_1H_FAST,momentum,REJECT,-0.154088,,0.062,111296,0.407,,,UNKNOWN,NOT_RUN,False,negative total R (-17149.41),,UNKNOWN,False,False,False,False,False,UNKNOWN,RETEST_REQUIRED,Proxy sim only (ret_1h_rank). Run on central simulation.,0,0,0,2,,LOW,negative total R (-17149.41)
fs_proxy_reversal_1h_zscore_SCALP_1H_FAST_long,reversal_1h_zscore,reports/ALPHA_INVENTORY_FULL.csv,SCALP_1H_FAST,mean_reversion,REJECT,-0.153727,,0.062,111643,0.4157,,,UNKNOWN,NOT_RUN,False,negative total R (-17162.58),,UNKNOWN,False,False,False,False,False,UNKNOWN,RETEST_REQUIRED,Proxy sim only (reversal_1h_zscore). Run on central simulation.,0,0,0,2,,LOW,negative total R (-17162.58)
